price,address,bedrooms,bathrooms,parking space,land size,property type1property type2
"$593,500*-TITLED & PREMIUM TURNKEY Caulfield 20","Address available on request, Manor Lakes",4,2,2,350,House
"$670,000 - $710,000","11 Maclarens Close, Manor Lakes",4,2,2,503,House
"$745,500","Address available on request, Manor Lakes",3,2,2,448,House
"$657,700","Address available on request, Manor Lakes",3,2,2,350,House
N/A,"10 Ardisia Way, Manor Lakes",N/A,N/A,N/A,N/A,Residential Land
"$790,000 - $820,000","22 Tangerine Road, Manor Lakes",N/A,N/A,N/A,N/A,Other
"$520,000 - $550,000","4 Finsbury Crescent, Manor Lakes",3,2,2,350,House
"$820,000 - $860,000","25 Honeycomb Avenue, Manor Lakes",4,2,2,517,House
"$776,385","Lot 15732 Judd Street, Manor Lakes",4,2,2,448,House
"$871,254","Lot 15727 Judd Street, Manor Lakes",4,2,2,448,House
"$838,859","Lot 15717 Wendouree Crescent, Manor Lakes",4,2,2,512,House
"$520,000 - $550,000","8 Gunyong Crescent, Manor Lakes",3,2,1,400,House
"$665,423 – 100% fixed price guaranteed!","Lot 140A Graded Street (Winterset Lodge), Manor Lakes",4,2,2,350,House
"$628,374","Lot 19722 Corinth Street, Manor Lakes",3,2,2,350,House
"$659,234","Lot 19116 Xenia Street, Manor Lakes",5,2,2,350,House
N/A,"Lot 226, 20 Kutjera Street, Manor Lakes",N/A,N/A,N/A,N/A,Residential Land
"$670,000 - $690,000","129 Kinglake Drive, Manor Lakes",4,2,2,512,House
N/A,"12 Eucumbene Road, Manor Lakes",4,2,2,575,House
"$863,091","Lot 15706 Judd Street, Manor Lakes",4,2,2,448,House
"$759,302","Lot 15704 Judd Street, Manor Lakes",4,2,2,448,House
"$540,000 - $570,000","56 Hawkstone Road, Manor Lakes",3,2,2,350,House
"$499,900","Address available on request, Manor Lakes",3,3,1,212,House
"$675,242","Address available on request, Manor Lakes",4,2,2,350,House
"$564,990","19109 Elbridge Road, Manor Lakes",3,2,2,262,House
"$490,000 - $530,000","3 Lambertia Crescent, Manor Lakes",3,2,1,249,House
"$660,000-$680,000","12 BISCOTTI CRESCENT, Manor Lakes",4,2,2,408,House
"$625,000 - $660,000","37 Bertie Street, Manor Lakes",5,2,2,448,House
"$840,000 - $870,000","32 Rondo Drive, Manor Lakes",4,3,2,588,House
"$870,000 - $930,000","2 Burrumbeet Court, Manor Lakes",4,2,8,900,House
"$570,000-$620,000","2/10 Stringybark Close, Manor Lakes",4,2,2,N/A,House
N/A,"5 Woburn Crescent, Manor Lakes",3,2,2,400,House
N/A,"55 Balcombe Drive, Manor Lakes",4,2,2,448,House
"$690,000 - $730,000","115 Manor Lakes Boulevard, Manor Lakes",4,2,2,511,House
"$695,000 - $730,000","197 Manor Lakes Boulevard, Manor Lakes",5,2,2,541,House
"$590,000 - $630,000","19 Melliodora Court, Manor Lakes",4,2,2,395,House
"$520,000 - $560,000","12 Silver Gum Street, Manor Lakes",3,1,1,417,House
"$315,000 Single Price","6 Kutjera Street, Manor Lakes",N/A,N/A,N/A,N/A,Residential Land
N/A,"37 Spearmint Boulevard, Manor Lakes",4,2,2,448,House
"$630,000 - $660,000","13 Gelati Street, Manor Lakes",4,2,2,N/A,House
"$660,000 - $710,000","10 Landmark Crescent, Manor Lakes",4,2,4,512,House
"$650,000 - $710,000","11 Canons Crescent, Manor Lakes",4,2,2,448,House
"$555,000 - $585,000","1 Medlar Avenue, Manor Lakes",3,2,2,N/A,House
"$550,000 - $600,000","29 Finsbury Crescent, Manor Lakes",3,2,1,320,House
"$690,000 - $740,000","760 Armstrong Road, Manor Lakes",4,2,4,555,House
"$660,000 - $700,000","11 Blackberry Street, Manor Lakes",4,2,2,448,House
N/A,"26 Butterscotch Esplanade, Manor Lakes",4,2,2,386,House
"$699,000 - $720,000","77 Spearmint Boulevard, Manor Lakes",5,2,2,512,House
"$670,000 - $695,000","13 Swiss Way, Manor Lakes",4,2,2,512,House
"$685,000 - $725,000","38 Muscatel Crescent, Manor Lakes",4,2,2,421,House
"$535,000 - $570,000","9 Peppermint Crescent, Manor Lakes",3,2,2,330,House
"$640,000 - $680,000","34 Pedder Street, Manor Lakes",4,2,2,425,House
"$620,000 - $650,000","2 Amadeus Street, Manor Lakes",4,2,3,448,House
"$730,000 - $770,000","113 Eureka Drive, Manor Lakes",5,2,2,512,House
"$335,000 - $365,000","23 Cyad Way, Manor Lakes",N/A,N/A,N/A,N/A,Residential Land
"$430,000","Address available on request, Manor Lakes",N/A,N/A,N/A,N/A,Residential Land
"$326,000","Lot 1430, Brightvale Boulevard, Manor Lakes",N/A,N/A,N/A,N/A,Residential Land
N/A,"36 Eppalock Drive, Manor Lakes",3,2,2,596,House
N/A,"5 Malt Drive, Manor Lakes",5,2,2,510,House
"$625,510","Lot 19606 Brushton Street, Manor Lakes",3,2,2,221,House
"$886,089","Lot 20205 Bloomingburg Road, Manor Lakes",4,2,2,448,House
"$775,948","Lot 19722 Corinth Street, Manor Lakes",4,2,2,350,House
"$784,774","Lot 20204 Brushton Street, Manor Lakes",4,2,2,364,House
"$648,423","Lot 20204 Brushton Street, Manor Lakes",4,2,2,364,House
"$635,601","Lot 19722 Corinth Street, Manor Lakes",4,2,2,350,House
"$576,000 - $596,000","Lot 19110  Elbridge Circuit, Manor Lakes",4,2,2,262,House
"$583,000 - $603,000","Lot 19108  Elbridge Circruit, Manor Lakes",4,2,2,311,House
"$480,000-$525,000","65 Eltham Parade, Manor Lakes",3,2,1,320,House
N/A,"Address available on request, Manor Lakes",N/A,N/A,N/A,N/A,Residential Land
N/A,"21 Semolina Street, Manor Lakes",4,2,2,572,House
N/A,"Address available on request, Manor Lakes",N/A,N/A,N/A,N/A,Residential Land
"$679,000 - $699,000","29 Goodenia Avenue, Manor Lakes",4,2,2,507,House
"$436,000","Address available on request, Manor Lakes",N/A,N/A,N/A,N/A,Residential Land
"$671,000 - $691,000","19722  Corinth Place, Manor Lakes",4,2,2,350,House
"$531,000 - $551,000","19606  Brushton Drive, Manor Lakes",3,2,1,221,House
"$635,678","Lot 19924 Manor Lakes Estate, Manor Lakes",4,2,2,350,House
N/A,"19110 Elbridge Road, Manor Lakes",3,2,2,16,House
"$320,000 - $350,000","20 Kutjera Street, Manor Lakes",N/A,N/A,N/A,N/A,Residential Land
N/A,"113 Manor Lakes Boulevard, Manor Lakes",3,2,2,576,House
"$300,000-$315,000","Address available on request, Manor Lakes",N/A,N/A,N/A,N/A,Residential Land
N/A,"Address available on request, Manor Lakes",N/A,N/A,N/A,N/A,Residential Land
"$380,000 - $400,000 - PRICED TO SELL!","Address Available on Request, Manor Lakes",N/A,N/A,N/A,N/A,Residential Land
"$620,000 - $650,000","9 Edwin Close, Manor Lakes",4,2,2,393,House
N/A,"22 Ardisia Way, Manor Lakes",N/A,N/A,N/A,N/A,Residential Land
"$590,000 - $640,000","6 Murrumbidgee Street, Manor Lakes",3,2,2,529,House
"$660,000 - $720,000","41 Finsbury Crescent, Manor Lakes",3,2,2,512,House
"$820,000 - $860,000","31 Cradle Circuit, Manor Lakes",4,2,3,480,House
"$385,000 - URGENT SALE","24 Maracaibo Crescent, Manor Lakes",N/A,N/A,N/A,N/A,Residential Land
N/A,"66 Kinglake Drive, Manor Lakes",4,2,2,512,House
"$649,000 - $699,000","22 Hawkstone Road, Manor Lakes",4,2,4,400,House
"$620,000 - $650,000","25 Hawkstone Road, Manor Lakes",4,2,2,400,House
"$635,000 - $670,000","9 Arrowhead Street, Manor Lakes",4,2,2,435,House
"$850,000 - $930,000","20 Lenigas Crescent, Manor Lakes",4,2,2,575,House
"$470,000 - $510,000","15 Holloway Street, Manor Lakes",3,2,1,319,House
"$510,090 TITLED LAND PACKAGE","Lot 19606 Brushton Street, Manor Lakes",3,2,1,221,House
"$449,000 - $479,000","Address available on request, Manor Lakes",N/A,N/A,N/A,N/A,Residential Land
"$695,000-$740,000","6 Ness Mews, Manor Lakes",5,2,2,504,House
"$695,000 - $750,000","16 Nectar Avenue, Manor Lakes",5,2,2,448,House
"$658,968","LOT 138 Winterset Lodge Estate, Manor Lakes",4,2,2,392,House
"$630,000 - $670,000","43 Minindee Road, Manor Lakes",4,2,2,512,House
N/A,"Address available on request, Manor Lakes",N/A,N/A,N/A,N/A,Residential Land
"$735,000","Address available on request, Manor Lakes",4,2,2,448,House
N/A,"439 Maracana Avenue, Manor Lakes",N/A,N/A,N/A,N/A,Residential Land
"$590,000 - $640,000","1 Ampelon Street, Manor Lakes",3,2,2,N/A,House
"$645,000 - $675,000","1 Lambertia Crescent, Manor Lakes",4,2,4,408,House
"$660,000","Address available on request, Manor Lakes",4,2,2,392,House
"$750,000 - $800,000","4 Murdeduke Crescent, Manor Lakes",4,2,2,592,House
"$555,750 - FULL TURNKEY AVAILABLE","LOT 136 Collector Road, Manor Lakes",4,2,2,350,House
"$520,000 - $570,000","20 Cassata Road, Manor Lakes",3,2,2,291,House
N/A,"11 Connewarre Close, Manor Lakes",5,2,5,900,House
N/A,"5 SPARLAND STREET, Manor Lakes",N/A,N/A,N/A,N/A,Residential Land
"$520,000 - $560,000","6 Maclarens Close, Manor Lakes",4,2,2,N/A,House
"$620,000 - $660,000","5 Fudge Street, Manor Lakes",4,2,2,392,House
"$745,000 - $785,000","29 Maclarens Close, Manor Lakes",4,2,2,575,House
N/A,"30 Bainbridge Road, Manor Lakes",3,2,2,287,House
"$429,000.00","Lot 19816, 6 Pittsford Road, Manor Lakes",N/A,N/A,N/A,N/A,Residential Land
"$620,000 - $680,000","12 Stringybark Close, Manor Lakes",4,2,2,550,House
"$667,625","LOT 134 Winterset Lodge Estate, Manor Lakes",4,2,2,392,House
"780,000 - $849,000","17 Buloke Avenue, Manor Lakes",4,2,2,836,House
"$600,000 to $640,000","33 Heathcote Road, Manor Lakes",3,2,2,N/A,House
"$600,000 - $630,000","12 Butterscotch Esplanade, Manor Lakes",4,2,2,N/A,House
"Calling all Investors!!!  $655,000 - $665,000","22 Gelati Street, Manor Lakes",4,2,2,392,House
"$800,000 - $880,000","23 Eildon Avenue, Manor Lakes",4,2,2,800,House
"$850,000 - $899,000 !!!","10 Bondon Crescent, Manor Lakes",5,2,2,511,House
"$570,000-$620,000","1/10 Stringybark Close, Manor Lakes",4,3,2,N/A,House
$525000 - $565000,"6 Lancewood Rd, Manor Lakes",4,2,2,320,House
"$470,000 - $510,000","5 Zesty Walk, Manor Lakes",4,2,2,221,House
"$489,900","19669 Irvington road, Manor Lakes",3,2,2,170.01,Townhouse
"$489,900","19668 Manor Lakes, Manor Lakes",3,2,2,170.01,Townhouse
"$682,000 - $702,000","19722  Corinth Street, Manor Lakes",4,2,2,350,House
"$330,000","Address available on request, Manor Lakes",N/A,N/A,N/A,N/A,Residential Land
"$648,900","Address available on request, Manor Lakes",4,2,2,186,Townhouse
"$626,200","Address available on request, Manor Lakes",4,2,2,188,Townhouse
"$830,000 - $910,000","12 Edwin Close, Manor Lakes",5,2,2,501,House
"$390,000","6 Miniata Way, Manor Lakes",N/A,N/A,N/A,N/A,Residential Land
"$544,980* - FULL TURN KEY! ENQUIRE NOW!","515 Anisata Way, Manor Lakes",3,2,2,294,House
N/A,"Address available on request, Manor Lakes",N/A,N/A,N/A,N/A,Residential Land
"$315,000","Available On Request, Manor Lakes",N/A,N/A,N/A,N/A,Residential Land
"$360,000","Address available on request, Manor Lakes",N/A,N/A,N/A,N/A,Residential Land
"$355,000","Address available on request, Manor Lakes",N/A,N/A,N/A,N/A,Residential Land
"$370,000","10 Earlville Way, Manor Lakes",N/A,N/A,N/A,N/A,Residential Land
"$480,000 - $520,000","7 Spearmint Boulevard, Manor Lakes",N/A,N/A,N/A,N/A,Residential Land
N/A,"Address Available On Request., Manor Lakes",N/A,N/A,N/A,N/A,Residential Land
"$624,183","LOT 140 Winterset Lodge Estate, Manor Lakes",4,2,2,350,House
"$688,968","LOT 323 Winterset Lodge Estate, Manor Lakes",4,2,2,420,House
"$687,625","LOT 325 Winterset Lodge Estate, Manor Lakes",4,2,2,420,House
"$683,874","LOT 120 Winterset Lodge Estate, Manor Lakes",4,2,2,400,House
"$360,000","78 Maywood Road, Manor Lakes",N/A,N/A,N/A,N/A,Residential Land
"$499,990","19655 IRVINGTON ROAD, Manor Lakes",3,2,2,18.3,Townhouse
"$529,900","19671 IRVINGTON ROAD, Manor Lakes",3,2,2,18.62,Townhouse
"$355,000","Address available on request, Manor Lakes",N/A,N/A,N/A,N/A,Residential Land
"$450,000","42 Cradle Circuit, Manor Lakes",N/A,N/A,N/A,N/A,Residential Land
"$420,000 -$450,000","19 Maracaibo crescent, Manor Lakes",N/A,N/A,N/A,N/A,Residential Land
N/A,"Address available on request, Manor Lakes",N/A,N/A,N/A,N/A,Residential Land
N/A,"Address available on request, Manor Lakes",N/A,N/A,N/A,N/A,Residential Land
N/A,"Address available on request, Manor Lakes",N/A,N/A,N/A,N/A,Residential Land
N/A,"Address available on request, Manor Lakes",N/A,N/A,N/A,N/A,Residential Land
"$7,700,000","Lot, 1199 Ballan Road, Manor Lakes",N/A,N/A,N/A,N/A,Residential Land
N/A,"21 RONDO DRIVE, Manor Lakes",N/A,N/A,N/A,N/A,Residential Land
"$580,000","Address available on request, Wyndham Vale",4,2,2,185.81,House
"$630,000 - Fixed price contract","Lot 235 Taupe Street (Somerdale Heights Estate), Wyndham Vale",4,2,2,N/A,House
"$495,910","639 Tecoma St, Wyndham Vale",3,2,1,238,House
"$586,400* PREMIUM TURNKEY Caulfield 20","Address available on request, Mambourin",4,2,2,350,House
N/A,"38 Welcome Parade, Wyndham Vale",3,2,2,N/A,House
N/A,"7 Vicksburg Avenue, Wyndham Vale",4,2,2,350,House
"$530,000 - $570,000","3 Cortland Street, Wyndham Vale",4,2,2,N/A,House
"$762,330","Lot 2004 Rangeland Street, Mambourin",4,2,2,412,House
"$685,260","Lot 1801 Shrubs Road, Mambourin",4,2,2,256,House
"$633,600*-TITLED & PREMIUM TURNKEY 19sq HOME","Lot 1821, 48 Shillings Road (Windermere), Mambourin",4,2,2,377,House
"$550,000 - $580,000","2 Mount Eagle Way, Wyndham Vale",4,2,1,700,House
"$850,000 - $910,000","1 Silage Way, Wyndham Vale",5,2,2,533,House
"$253,000","Lot 18082, EYNESBURY STAGE 18, Eynesbury",N/A,N/A,N/A,N/A,Residential Land
N/A,"6 Lakefield Way, Wyndham Vale",4,2,2,448,House
"$492,551 TITLED LAND PACKAGE","Lot 355 Lydney Street, Wyndham Vale",4,2,1,238,House
"$1,150,000-$1,265,000","88 Anniversary Avenue, Wyndham Vale",5,5,2,476,House
"$599,000-$649,000","12 Cubbyhouse Road, Wyndham Vale",4,2,2,480,House
"$240,000 to $270,000","5 davidson street, Wyndham Vale",N/A,N/A,N/A,N/A,Residential Land
"$529,999","9 Croxley Close, Wyndham Vale",3,1,2,N/A,House
"$599,866","Address available on request, Wyndham Vale",4,2,2,294,House
"$599,000","9 Boulderwood Way, Wyndham Vale",4,2,1,N/A,House
"$649,000 - $699,000","2 Birch Court, Wyndham Vale",N/A,N/A,N/A,N/A,Other
"$853,100","Lot 7007 Plaistow Road (Jubilee), Wyndham Vale",5,2,2,392,House
"$560000 to $580,000","20 Vista Way, Wyndham Vale",3,2,2,600,House
"$522,242","Lot 254 Climbing Drive, Wyndham Vale",3,2,2,231,House
"$472,189","Lot 255 Climbing Drive, Wyndham Vale",3,2,1,187,House
"$594,405","Lot 1915 Gloss Street, Wyndham Vale",3,2,2,294,House
"$609,905","Lot 1835 Shillings Road, Wyndham Vale",4,2,2,294,House
"$299,000","5509 Cosmopolitan Drive, Wyndham Vale",N/A,N/A,N/A,N/A,Residential Land
"$460,000 - $480,000","36 Anniversary Avenue, Wyndham Vale",3,2,1,215,House
"$472,189","Lot 256 Climbing Drive, Wyndham Vale",3,2,1,110.24,House
"$274,000","Lot 2175, Drum Street, Mambourin",N/A,N/A,N/A,N/A,Residential Land
N/A,"14 Bronwyn Way, Wyndham Vale",N/A,N/A,N/A,N/A,Residential Land
"$304,000 - $330,000","12 Reefton Street, Mambourin",N/A,N/A,N/A,N/A,Residential Land
"$330,000 - $360,000","15 Ballister Street, Wyndham Vale",N/A,N/A,N/A,N/A,Residential Land
"$520,000 - $550,000","10 Bligh Place, Wyndham Vale",3,1,2,N/A,House
"$661,968 – 100% fixed price guaranteed!","Lot 2140A Morant Street (Mambourin), Mambourin",4,2,2,350,House
"$698,300","Lot 7002 Plaistow Road (Jubilee), Wyndham Vale",4,2,2,353,House
"$696,173","Lot 20203 Manor Lakes - The Village Estate, Wyndham Vale",4,2,2,416,House
"$658,270","Lot 20204 Manor Lakes - The Village Estate, Wyndham Vale",4,2,2,364,House
"$640,675","Lot 1801 Shrubs Road, Wyndham Vale",4,2,2,256,House
"$591,805","Lot 1827 Shillings Road, Wyndham Vale",4,2,2,294,House
"$643,875","Lot 1822 Shillings Road, Wyndham Vale",4,2,2,290,House
"$864,000","Lot 7008 Plaistow Road (Jubilee), Wyndham Vale",4,3,2,392,House
"$570,000 - $610,000","42 Cloudburst Avenue, Wyndham Vale",4,2,2,387,House
"$613,100* NEAR TITLED PREMIUM TURNKEY WYNN 19","Address available on request, Wyndham Vale",4,2,2,350,House
N/A,"56 Tathra Road (Titled Land), Wyndham Vale",4,2,2,434,House
"$330,000 - $350,000","1 Parkbrook, Wyndham Vale",N/A,N/A,N/A,N/A,Residential Land
N/A,"25  Heidelberg Street, Mambourin",N/A,N/A,N/A,N/A,Residential Land
"$400,000 - $420,000","28 Twain Road, Mambourin",N/A,N/A,N/A,N/A,Residential Land
"$430,000 - $460,000","50 Papas View, Wyndham Vale",3,2,1,N/A,House
"$645,000 - $685,000","149 Stanmore Crescent, Wyndham Vale",4,2,2,448,House
"$567,900*-TITLED & PREMIUM TURNKEY 18sq HOME","Address available on request, Wyndham Vale",4,2,2,358,House
"$550,000","21 Krohn Walk, Wyndham Vale",3,2,2,N/A,Townhouse
"$537,574","Lot 414 Woonan Drive (Somerdale Heights Estate), Wyndham Vale",3,2,1,N/A,House
"$610,299","Lot 410 Woonan Drive (Somerdale Heights Estate), Wyndham Vale",3,2,1,N/A,House
"$580,000","Address available on request, Wyndham Vale",4,2,2,185.81,House
"$709,683","Lot 2472 Prescott Road, Mambourin",4,2,2,400,House
"$789,077","Lot 2467 Prescott Road, Mambourin",4,2,2,512,House
"$792,622","Lot 2468 Prescott Road, Mambourin",4,2,2,512,House
"$835,727","Lot 2469 Prescott Road, Mambourin",4,2,2,400,House
N/A,"Address available on request, Wyndham Vale",N/A,N/A,N/A,N/A,Residential Land
N/A,"15 Archer Road, Wyndham Vale",4,2,2,N/A,House
"$599,000 - $655,000","2 Webb Street, Mambourin",4,3,2,295,House
"$559,000","Lot 5433 Jubilee Estate, Wyndham Vale",4,2,2,262,House
"$495,000 - $540,000","4 Eldorado Court, Wyndham Vale",3,1,2,N/A,House
N/A,"3B Federal Drive, Wyndham Vale",3,2,1,N/A,House
"$593,000- $603,000","Lot 515 Anisata Ciruit, Wyndham Vale",3,2,1,295,House
"$525,000 - $535,000","Lot 1528 Woolspinners Way, Wyndham Vale",3,2,2,231,House
N/A,"Address available on request, Wyndham Vale",N/A,N/A,N/A,N/A,Residential Land
"$565,000 - $595,000","51 Lady Penrhyn Drive, Wyndham Vale",3,2,2,526,House
"$665,000 - $695,000","121 Brightvale Boulevard, Wyndham Vale",4,2,2,350,House
"$431,000","Lot 2455, Gardenvale Avenue, Mambourin",N/A,N/A,N/A,N/A,Residential Land
"$630,000 - $680,000 !!","83 Vaughan Chase, Wyndham Vale",4,2,2,544,House
"$470,000 - $510,000","3 Sawley Grove, Wyndham Vale",3,2,2,548,House
"$660,000 - $720,000","28 Brookside Drive, Wyndham Vale",4,2,2,507,House
"$480,000 - $520,000","2 Highgate Court, Wyndham Vale",3,1,2,535,House
"$545,800","5509 Cosmopolitan Drive, Wyndham Vale",3,2,2,358,House
"BRAND NEW HOME| $690,000-$720,000","80 Generation Crescent, Mambourin",4,2,2,388,House
"$560,000 - $595,000","15 Maryborough Drive, Wyndham Vale",4,2,2,294,House
N/A,"Address available on request, Wyndham Vale",4,2,2,256,House
"$315,000 - $325,000","19 Happiness Way, Wyndham Vale",N/A,N/A,N/A,N/A,Residential Land
"$529,900 FIXED PRICE PACKAGE","SCHOOL ZONE - CLOSE TO SHOPS & PUBLIC TRANSPORT, Wyndham Vale",3,2,1,273,House
"$370,000 - $390,000","10/10-16 Nepean Court, Wyndham Vale",N/A,N/A,N/A,N/A,Unit
"Brand New North Facing! $660,000 - $690,000","6 Fusion Drive, Wyndham Vale",4,2,2,N/A,House
"$590,000 - $649,000","13 Haymarket Circuit, Wyndham Vale",4,2,4,N/A,House
"$710,000 - $750,000 Inspection 27 Jan 1:00pm","3 Delancey Way, Eynesbury",4,2,2,N/A,House
"$300,000","LOT 152  WOLLAHRA RISE, Wyndham Vale",N/A,N/A,N/A,N/A,Residential Land
"$275,000","LOT 137 WOLLAHRA RISE, Wyndham Vale",N/A,N/A,N/A,N/A,Residential Land
"$580,000","Address available on request, Wyndham Vale",4,2,2,185.81,House
"$340,000 - $370,000","6 Frew Road, Mambourin",N/A,N/A,N/A,N/A,Residential Land
"$560,000 - $600,000","1 Elmslie Street, Wyndham Vale",3,2,2,435,House
"$799,000 - $849,000","11 Erica Close, Eynesbury",4,2,2,872,House
"$330,000 - $340,000","7 Seville Avenue, Eynesbury",N/A,N/A,N/A,N/A,Residential Land
"$580,000 - $620,000","11 Karong Drive, Wyndham Vale",4,2,4,509,House
"$702,000 - $722,000","Lot 1705  Baxter Way, Mambourin",4,2,2,394,House
"$869,999","20 Avaward Street, Wyndham Vale",5,3,2,N/A,House
"$615,530 - $635,530","Address available on request, Wyndham Vale",4,2,2,395,House
"$460,000 - $490,000","9 Kilford Walk, Wyndham Vale",3,2,2,215,House
N/A,"13 Happiness Way, Wyndham Vale",N/A,N/A,N/A,N/A,Residential Land
"$406,000","Lot 27112, Bilston Street, Mambourin",N/A,N/A,N/A,N/A,Residential Land
"$600,000 - $660,000","32 Orana Street, Wyndham Vale",N/A,N/A,N/A,N/A,Residential Land
"$580,000 - $600,000","22 Gungurra Grove, Wyndham Vale",3,2,2,482,House
"$582,700 FHB*-PREMIUM TURNKEY 18sq-HOME","Address available on request, Mambourin",4,2,2,322,House
"$570,500 FHB*-PREMIUM TURNKEY Kew 17","Address available on request, Mambourin",3,2,2,322,House
"$360,000-$390,000","6 Tolkien Drive, Mambourin",N/A,N/A,N/A,N/A,Residential Land
N/A,"16 Portrait Street, Mambourin",N/A,N/A,N/A,N/A,Residential Land
"$464,800*-NEAR TITLED & PREMIUM TURNKEY Melba 15","Address available on request, Mambourin",3,2,1,212,House
N/A,"36 Pascolo Way, Wyndham Vale",4,2,2,400,House
"$641,000* TITLED PREMIUM TURNKEY Caulfield 20","Address available on request, Wyndham Vale",4,2,2,449,House
"$615,400 FHB*-TITLED & PREMIUM TURNKEY Fraser 20","Address available on request, Wyndham Vale",4,2,2,395,House
"$660,000 - $698,000","21 Principal Drive, Wyndham Vale",4,2,2,400,House
"$545,000 - $595,000","25 Principal Drive, Wyndham Vale",4,2,2,400,House
"$385,000 - $415,000","1/10 Croxley Close, Wyndham Vale",N/A,N/A,N/A,N/A,Unit
N/A,"9 CARMICHAEL DRIVE, Wyndham Vale",3,2,2,640,House
"$700,000 - $720,000","Lot 2169  Black Forest Place, Mambourin",4,2,2,350,House
"$383,000 I CONTACT NOW","58 Tathra Road, Wyndham Vale",N/A,N/A,N/A,N/A,Residential Land
"$368,000 I CONTACT NOW","56 Tathra Road, Wyndham Vale",N/A,N/A,N/A,N/A,Residential Land
"$353,000","Lot 27049, Prescott Road, Mambourin",N/A,N/A,N/A,N/A,Residential Land
N/A,"1 Bloomsbury Place, Wyndham Vale",3,2,2,N/A,House
"$909,000 - $959,000","3 Daylesford Court, Eynesbury",5,2,2,N/A,House
N/A,"6 Reefton Street, Mambourin",4,2,2,350,House
"$360,000-$396,000","27 Gardenvale Avenue, Mambourin",N/A,N/A,N/A,N/A,Residential Land
N/A,"9 Rous Street, Wyndham Vale",4,2,2,387,House
N/A,"Address available on request, Wyndham Vale",N/A,N/A,N/A,N/A,Residential Land
$600000- $630000,"10 Thrums Road, Mambourin",4,2,2,290,House
N/A,"Address available on request, Mambourin",N/A,N/A,N/A,N/A,Residential Land
"$649,000 - $689,000","728 Eynesbury Road, Eynesbury",4,2,2,515,House
"$489,500","Address available on request, Wyndham Vale",3,2,2,120.77,House
"$495,000 - $525,000","55 Chapman Drive, Wyndham Vale",3,2,1,N/A,House
"$657,000 - $667,000","2171  Drum Way, Mambourin",3,2,1,325,House
N/A,"Address available on request, Wyndham Vale",3,2,1,337,House
N/A,"Lot 1107 Pear Street, Wyndham Vale",3,2,1,255,House
N/A,"7 Stately Avenue, Wyndham Vale",4,2,2,400,House
N/A,"23 Pointer Avenue, Wyndham Vale",4,2,2,N/A,House
"$395,000 - $425,000","25 Whitehaven Street, Wyndham Vale",N/A,N/A,N/A,N/A,Residential Land
N/A,"175 Wollhara rise, Wyndham Vale",4,2,2,384,House
"$499,000 - $548,000","95 Honour Avenue, Wyndham Vale",3,2,2,533,House
"$300,000 - $310,000","LOT 2133 Winfred Drive, Mambourin",N/A,N/A,N/A,N/A,Residential Land
"$779,000 - $819,000","29 Metcalfe Street, Eynesbury",4,2,2,560,House
"$430,000 to $450,000","14 Glover Street, Mambourin",N/A,N/A,N/A,N/A,Residential Land
"$594,500","LOT 725 HOVEA CRESCENT (PARKBROOK), Wyndham Vale",3,2,1,329,House
"$385,000 - $420,000","10/4 Nepean Court, Wyndham Vale",3,1,2,N/A,House
"North East Facing! $630,000 - $660,000","11 Arnhem Road, Wyndham Vale",4,2,2,400,House
"$327,000","Lot 2185, Winfred Drive, Mambourin",N/A,N/A,N/A,N/A,Residential Land
"$320,000 - $340,000","12 Reefton Street, Mambourin",N/A,N/A,N/A,N/A,Residential Land
"$492,200*-TITLED & PREMIUM TURNKEY 16sq HOME","Address available on request, Wyndham Vale",4,2,1,238,House
"$499,070","Lot 507 ANISATA WAY, Wyndham Vale",3,2,2,238,House
"$630,000 - $660,000","12 Omar Street, Wyndham Vale",4,2,2,350,House
"$511,500","Lot 1226 Wheatsheaf Road, Wyndham Vale",3,2,2,159,Townhouse
"$200,000","12 Krohn Walk, Wyndham Vale",N/A,N/A,N/A,N/A,Residential Land
"$200,000","10 Krohn Walk, Wyndham Vale",N/A,N/A,N/A,N/A,Residential Land
"$737,900","Lot 126 Ponderosa Boulevard (Parkbrook), Wyndham Vale",4,2,2,396,House
"$315,000 - $325,000","Lot 326 Lydney Street, Wyndham Vale",N/A,N/A,N/A,N/A,Residential Land
"$672,800","Lot 304 Seraphina Drive (The Enclave), Wyndham Vale",4,2,2,336,House
"$716,600","Lot 332 Arianna Street (The Enclave), Wyndham Vale",4,2,2,448,House
"$664,500","Lot 328 Arianna Street (The Enclave), Wyndham Vale",4,2,2,400,House
"$664,300","Lot 313 Arianna Street (The Enclave), Wyndham Vale",4,2,2,400,House
"$585,200","Lot 301 Seraphina Drive (The Enclave), Wyndham Vale",4,2,1,336,House
"$490,000","LOT 1528 Woolspinner Cres (Savana), Wyndham Vale",3,2,2,231,House
"$645,200","Lot 342 Seraphina Drive (The Enclave), Wyndham Vale",4,2,2,304,House
"$531,000","Lot 339 Seraphina Drive (The Enclave), Wyndham Vale",3,2,2,291,House
"NEAR TITLED $578,900*-PREMIUM TURNKEY Kew 19.24","Address available on request, Mambourin",4,2,2,350,House
N/A,"10 Trim St, Mambourin",N/A,N/A,N/A,N/A,Residential Land
"$544,000 - $564,000","Lot 119  Ardisia Street, Wyndham Vale",4,2,1,238,House
"$601,000- $621,000","Lot 2171  Drum Street, Mambourin",4,2,2,325,House
"$389,000 - $425,000","3 Perceval Place, Mambourin",N/A,N/A,N/A,N/A,Residential Land
"$199,950","9 Draytons Place, Wyndham Vale",N/A,N/A,N/A,N/A,Residential Land
"$317,000-$320,000","Address available on request, Wyndham Vale",N/A,N/A,N/A,N/A,Residential Land
"$672,100","150 Vivero Road, Wyndham Vale",4,2,2,322,House
"$360,000-$400,000","13 Gardenvale Avenue, Mambourin",N/A,N/A,N/A,N/A,Residential Land
N/A,"20 Edison Drive, Wyndham Vale",5,2,2,603,House
N/A,"3 Gants Path, Wyndham Vale",3,2,2,N/A,House
"$430,000 - $465,000","157 Greens Road, Wyndham Vale",2,1,2,320,House
"$330,000 - $340,000","13 Hubbard Street, Wyndham Vale",N/A,N/A,N/A,N/A,Residential Land
"$370,000 - $390,000","44 Pankina Road, Mambourin",N/A,N/A,N/A,N/A,Residential Land
"$690,000 - $730,000","44 Margie Street, Wyndham Vale",4,2,2,448,House
N/A,"14 Terai Street, Wyndham Vale",N/A,N/A,N/A,N/A,Residential Land
N/A,"32 Gardenvale Avenue, Mambourin",N/A,N/A,N/A,N/A,Residential Land
"$275,000 - $295,000","24 Riveting Road, Wyndham Vale",N/A,N/A,N/A,N/A,Residential Land
"$259,900","Lot 523, LAVAL STREET, Wyndham Vale",N/A,N/A,N/A,N/A,Residential Land
"$438,000 - $480,000","22 Tuppal Drive, Wyndham Vale",N/A,N/A,N/A,N/A,Residential Land
N/A,"Lot 322 Sue Street, Wyndham Vale",N/A,N/A,N/A,N/A,Residential Land
"$340,000 - $350,000","Lot 324 Micropora Drive, Wyndham Vale",N/A,N/A,N/A,N/A,Residential Land
"$390,000 - $400,000","Lot 418 Pascal Way, Wyndham Vale",N/A,N/A,N/A,N/A,Residential Land
$310000 - $335000,"8 Vivero Road, Wyndham Vale",N/A,N/A,N/A,N/A,Residential Land
"$615,000 to $630,000","4 Stockwell Street, Wyndham Vale",4,2,2,512,House
N/A,"39 Heidelberg Street, Mambourin",4,2,2,631,House
"$629,000 - $639,000","305  Seraphina Place, Wyndham Vale",4,2,1,294,House
"$503,000 - $513,000","Lot 126  WOLLAHRA Way, Wyndham Vale",3,2,1,217,House
"$550,000 - $580,000","12 Yando Place, Wyndham Vale",4,1,2,565,House
"$534,500","Lot 1228 Wheatsheaf Road, Wyndham Vale",3,2,2,193,Townhouse
"$424,000","Address available on request, Mambourin",N/A,N/A,N/A,N/A,Residential Land
"$665,000 - $695,000","30 Kallang Road, Wyndham Vale",4,2,2,N/A,House
"$545,000-$565,000","10 Meredith Street, Mambourin",3,2,1,N/A,House
N/A,"5 Karong Drive, Wyndham Vale",4,2,2,603,House
"$299,000 - $328,900","26 Lawler Road, Eynesbury",N/A,N/A,N/A,N/A,Residential Land
"$645,000 - $695,000","28 Birch Court, Wyndham Vale",4,2,2,530,House
N/A,"18 Tuppal Drive, Wyndham Vale",N/A,N/A,N/A,N/A,Residential Land
"$570,000 - $600,000","9 Valewood Drive, Wyndham Vale",3,1,2,653,House
"$570,000","LOT 190 Micropora Drive, Wyndham Vale",3,2,N/A,N/A,Townhouse
"$573,000","5449 Trance Street, Wyndham Vale",3,2,1,N/A,Townhouse
"$564,000","10 Krohn Walk, Wyndham Vale",3,2,1,N/A,Townhouse
"$580,000","21  Haymarket Circuit, Wyndham Vale",3,2,1,N/A,Townhouse
"$545,000","15  Fritelli Circuit, Wyndham Vale",3,2,1,N/A,Townhouse
"$899,000","Lot 2468 Prescott Road, Mambourin",4,2,2,512,House
"$305,000","10 Palmdale Crescent, Mambourin",N/A,N/A,N/A,N/A,Residential Land
N/A,"6 Krohn Walk,, Wyndham Vale",2,1,1,N/A,House
"$618,100","Address available on request, Wyndham Vale",4,2,2,358,House
"$511,500","1226 Wheatsheaf Road, Wyndham Vale",3,2,2,176.52,Townhouse
N/A,"208 Mcgrath Road, Wyndham Vale",3,2,2,N/A,House
N/A,"3 Yaltara Drive, Wyndham Vale",3,1,2,527,House
"$555,000 to $600,000","6 Topaz Avenue, Wyndham Vale",4,2,2,588,House
"$299,000 - $304,000","10 Reefton Street, Mambourin",N/A,N/A,N/A,N/A,Residential Land
"$550,000-$585,000","48 Fitzrovia Drive, Wyndham Vale",4,3,2,N/A,Townhouse
N/A,"Address available on request, Wyndham Vale",N/A,N/A,N/A,N/A,Residential Land
"$906,140","2472 Prescott Road, Mambourin",4,2,2,N/A,House
"$951,790","2469 Prescott Road, Mambourin",4,2,2,N/A,House
"$629,000 - $669,000","7 Monbulk Way, Eynesbury",4,2,2,N/A,House
"$670,000 - $710,000","18 Papas View, Wyndham Vale",4,2,2,N/A,House
"$489,000 - $519,000","4  Rochester Crescent, Eynesbury",N/A,N/A,N/A,N/A,Residential Land
"$419,000-$459,000","403 Green hill Road, Eynesbury",N/A,N/A,N/A,N/A,Residential Land
"$550,000 - $565,000","17 Micropora Drive, Wyndham Vale",3,2,2,N/A,House
N/A,"41 Anniversary Avenue, Wyndham Vale",4,2,3,396,House
N/A,"LOT 2021 Mintbush Street, Mambourin",N/A,N/A,N/A,N/A,Residential Land
"$499,000 - $548,900","814 Eynesbury Road, Eynesbury",4,2,2,N/A,House
N/A,"102 Saint Arnaud Road, Eynesbury",4,2,2,N/A,House
"$325,000","Lot 2179, 9 Drum Street, Mambourin",N/A,N/A,N/A,N/A,Residential Land
"$570,000 - $620,000","88 Pascolo Way, Wyndham Vale",4,2,4,448,House
"$345,000 offers invited","5 Produce Drive...., Mambourin",N/A,N/A,N/A,N/A,Residential Land
N/A,"1925 Shillings Road, Mambourin",3,2,2,16,House
N/A,"8 Tyalla Street, Wyndham Vale",4,2,2,N/A,House
"$499,000 - $548,900","10 Dianchi Drive, Wyndham Vale",4,2,4,N/A,House
"$599,000 - $655,000","4 Corandirk Street, Mambourin",4,2,2,N/A,House
N/A,"202 Mcgrath Road, Wyndham Vale",4,2,2,535,House
N/A,"4 Barmah Way, Eynesbury",N/A,N/A,N/A,N/A,Residential Land
"$340,000 - $360,000","22 Hazelmere Avenue, Eynesbury",N/A,N/A,N/A,N/A,Residential Land
"$539,000-$559,000","26 Walhalla Drive, Eynesbury",3,2,3,256,House
N/A,"48 Tuppal Drive, Wyndham Vale",4,2,2,612,House
N/A,"142 Wollahra Rise, Wyndham Vale",5,3,2,601,House
N/A,"7 Joel Way, Eynesbury",4,2,2,N/A,House
N/A,"9 Thea Close, Wyndham Vale",3,2,1,307,House
"$390,000 - $410,000","11 Song Street, Mambourin",N/A,N/A,N/A,N/A,Residential Land
"$580,000-630,000","1 Calico Court, Wyndham Vale",4,2,2,N/A,House
"$443,000","Lot 2464, Prescott Road, Mambourin",N/A,N/A,N/A,N/A,Residential Land
N/A,"17 PEAR STREET, Wyndham Vale",N/A,N/A,N/A,N/A,Residential Land
"$699,000 - $750,000","11 Aldridge Road, Wyndham Vale",5,2,2,544,House
"$619,000 - $639,000","26 St Arnaud Road, Eynesbury",4,2,2,639,House
"$737,836","2445 Kireep Street, Mambourin",5,2,2,N/A,House
"$315,000 - $325,000","3 Lydney Street, Wyndham Vale",N/A,N/A,N/A,N/A,Residential Land
"$290,000 - $300,000","Lot 303 Stream Road, Wyndham Vale",N/A,N/A,N/A,N/A,Residential Land
"$470,000 - $500,000","12 Whitehaven Street, Wyndham Vale",3,1,2,N/A,House
"$499,000 - $539,000","25 Earlwood Way, Wyndham Vale",4,2,2,N/A,House
"$479,000 - $489,000","18 Melotte Place, Wyndham Vale",3,2,2,N/A,House
"$320,000 - $340,000","17 Hobbs Road, Wyndham Vale",N/A,N/A,N/A,N/A,Residential Land
"$451,000 - $496,000","22c Marne Avenue, Wyndham Vale",2,2,2,211,Townhouse
"$560,000 - $599,000","18 Mayfair Street, Wyndham Vale",4,2,2,N/A,House
"$849,000 - $899,000","5 Edenhope  Place, Eynesbury",5,2,3,646,House
"$580000 To $620,000","77 Barrabool Boulevard, Mambourin",3,2,2,396,House
N/A,"12 Glenbrook Drive, Wyndham Vale",4,2,2,N/A,House
"$439,950","2331 Sustain Street, Mambourin",3,2,2,14.45,Townhouse
"Urgent Sale: $298,000 - $310,000","36 Homecrest Crescent, Wyndham Vale",N/A,N/A,N/A,N/A,Residential Land
"$507,450","36 Tolkien Drive, Mambourin",3,2,1,212,House
N/A,"5 Masters Crescent, Mambourin",4,2,2,448,House
"$399,950","2329 Sustain Street, Mambourin",2,1,1,10.84,Townhouse
N/A,"25 Hazelmere Avenue, Eynesbury",4,2,2,445,House
"$320,000 to $350,000","21 Davidson Street, Wyndham Vale",N/A,N/A,N/A,N/A,Residential Land
N/A,"Lot, 221 Pristine Drive, Wyndham Vale",N/A,N/A,N/A,N/A,Residential Land
N/A,"Lot 321 Pearland, Wyndham Vale",N/A,N/A,N/A,N/A,Residential Land
N/A,"Lot 301 Pearland, Wyndham Vale",N/A,N/A,N/A,N/A,Residential Land
N/A,"14 Plane Avenue, Mambourin",N/A,N/A,N/A,N/A,Residential Land
N/A,"Lot 1515, Pennings Road, Wyndham Vale",N/A,N/A,N/A,N/A,Residential Land
NDIS : 2Bed+1OAA etc from $755K (Min. Rent $80K),"Address available on request, Wyndham Vale",3,3,1,N/A,House
N/A,"30 Bolton Road, Wyndham Vale",N/A,N/A,N/A,N/A,Residential Land
"$620,000 - $680,000","44 Paramount Boulevard, Wyndham Vale",4,2,2,N/A,House
N/A,"1 Vacca Street, Wyndham Vale",3,2,2,N/A,House
"$825,000-$850,000 - Display Home with 7% Return!","Address available on request, Mambourin",4,2,2,448,House
"$1,080,000 to $1,150,000","49 Memory Crescent, Wyndham Vale",4,2,2,448,House
"$1,190,000 to $1,270,000","45 Memory Crescent, Wyndham Vale",4,4,2,448,House
"$820,000 to $890,000","47 Memory Crescent, Wyndham Vale",4,2,2,512,House
"$950,000 - $995,000","43 Memory Crescent, Wyndham Vale",4,2,4,504,House
N/A,"436 Black Forest Road, Mambourin",N/A,N/A,N/A,N/A,Residential Land
"$745,000 - $795,000","5 Stonecrop Way, Wyndham Vale",4,2,2,448,House
"$675,000","Address available on request, Wyndham Vale",4,2,2,350,House
"$600,000 - $640,000","5 Stately Avenue, Wyndham Vale",4,2,2,400,House
"$506,820","3606 Grangehill Mews, Wyndham Vale",4,2,2,170,House
"$506,820","3607 Grangehill Mews, Wyndham Vale",4,2,2,170,House
N/A,"66 Palmdale Crescent, Mambourin",3,2,2,263,House
"PRIVATE SALE | $220,000","7 Infuse Road, Wyndham Vale",N/A,N/A,N/A,N/A,Residential Land
"$530,000 HOUSE & LAND","Address available on request, Wyndham Vale",4,2,2,276,House
"$399,000 - $429,000","13 Vessey Walk, Wyndham Vale",3,2,2,187,House
"$209,500","11 Micropora Drive, Wyndham Vale",N/A,N/A,N/A,N/A,Residential Land
"$428,390","5 Pascal Way, Wyndham Vale",N/A,N/A,N/A,N/A,Residential Land
"$344,860","Lot 413, 128 Wollahra Rise, Wyndham Vale",N/A,N/A,N/A,N/A,Residential Land
"$539,000","Lot 1502 Woolspinner Crescent (Savana), Wyndham Vale",N/A,N/A,N/A,N/A,Residential Land
"$650,000 - $670,000","43 Millbrook, Wyndham Vale",4,2,2,448,House
"$670,000 - $730,000","1 Amesbury Avenue, Wyndham Vale",5,2,6,N/A,House
"$611,963","2452 Gardenvale Avenue, Mambourin",3,2,2,N/A,House
N/A,"Address available on request, Wyndham Vale",N/A,N/A,N/A,N/A,Residential Land
"$500,000 - $525,000","250 Ballan Road, Wyndham Vale",3,1,2,562,House
"$460,000 - $490,000","33 Gallaxus Avenue, Wyndham Vale",3,2,2,N/A,Townhouse
"$420,000-$430,000","24  Ervine Drive, Wyndham Vale",N/A,N/A,N/A,N/A,Residential Land
"$715,850","Lot 336 Arianna Street, Wyndham Vale",N/A,N/A,N/A,N/A,Residential Land
"$358,000","Lot 2837, Clapham Crescent, Wyndham Vale",N/A,N/A,N/A,N/A,Residential Land
"$198,000","Lot 1318, Gallions Lane, Wyndham Vale",N/A,N/A,N/A,N/A,Residential Land
"$495,000 - $530,000","12 Vermont Road, Wyndham Vale",3,2,1,N/A,House
N/A,"7 Pecora Way, Wyndham Vale",4,2,2,504,House
N/A,"180 Hobbs Road, Wyndham Vale",3,2,2,5.66,House
"$370,000 - $390,000","25 Farrier Road, Wyndham Vale",N/A,N/A,N/A,N/A,Residential Land
"$542,200","Address available on request, Wyndham Vale",3,2,2,233,House
N/A,"14 Hazelmere Avenue, Eynesbury",N/A,N/A,N/A,N/A,Residential Land
"$650,000","31 Callaway Street, Mambourin",5,3,2,400,House
"$230,000","LOT 364 CAVALIER ST, Wyndham Vale",N/A,N/A,N/A,N/A,Residential Land
N/A,"14 Surround Drive, Mambourin",6,3,2,448,House
"$214,500","36 Tolkien Drive, Mambourin",N/A,N/A,N/A,N/A,Residential Land
"$638,790","2177 Drum Street, Mambourin",4,2,2,N/A,House
"$290,000 - $305,000","74 Smile Crescent, Wyndham Vale",N/A,N/A,N/A,N/A,Residential Land
"$328,000","Lot 5704, Grappa Circuit, Wyndham Vale",N/A,N/A,N/A,N/A,Residential Land
"$372,000","Lot 5703, Grappa Circuit, Wyndham Vale",N/A,N/A,N/A,N/A,Residential Land
"$378,000","Lot 5702, Grappa Circuit, Wyndham Vale",N/A,N/A,N/A,N/A,Residential Land
"$410,000","Lot 5701, Grappa Circuit, Wyndham Vale",N/A,N/A,N/A,N/A,Residential Land
"$448,000","Lot 5710, Grappa Circuit, Wyndham Vale",N/A,N/A,N/A,N/A,Residential Land
"$371,000","Lot 5709, Grappa Circuit, Wyndham Vale",N/A,N/A,N/A,N/A,Residential Land
"$368,000","Lot 5708, Grappa Circuit, Wyndham Vale",N/A,N/A,N/A,N/A,Residential Land
"$328,000","Lot 5707, Grappa Circuit, Wyndham Vale",N/A,N/A,N/A,N/A,Residential Land
"$328,000","Lot 5706, Grappa Circuit, Wyndham Vale",N/A,N/A,N/A,N/A,Residential Land
"$368,000","Lot 5705, Grappa Circuit, Wyndham Vale",N/A,N/A,N/A,N/A,Residential Land
"$300,000 - $310,000","Lot: 4267 Sensra Road, Wyndham Vale",N/A,N/A,N/A,N/A,Residential Land
N/A,"59 Bassett Ave, Wyndham Vale",4,2,2,392,House
N/A,"Lot 321 Sue Street, Wyndham Vale",N/A,N/A,N/A,N/A,Residential Land
"$295,000 - $300,000","4 Homecrest Crescent, Wyndham Vale",N/A,N/A,N/A,N/A,Residential Land
N/A,"120 Brightvale Boulevard, Wyndham Vale",N/A,N/A,N/A,N/A,Residential Land
"Red Hot Deal $678,000 - $725,000 | Make an Offer!","6 Gallaxus Avenue, Wyndham Vale",4,2,2,512,House
"$373,000","Address available on request, Mambourin",N/A,N/A,N/A,N/A,Residential Land
"$610,000-$645,000","13 Pascolo Way, Wyndham Vale",4,2,2,480,House
"$495,000- $520,000","15 Kilford Walk, Wyndham Vale",3,2,2,290,House
N/A,"7 Riveting Road, Wyndham Vale",N/A,N/A,N/A,N/A,Residential Land
"$499,000 - $539,000","55 Bassett Avenue, Wyndham Vale",3,2,2,294,House
"$542,000","143 Jubilee Estate, Wyndham Vale",3,2,2,233,House
"$650,000 to $ 700,000 Welcome Offer","45 Ruthven Way, Mambourin",4,2,2,544,House
"$549,000 - $599,000","2 Seville Avenue, Eynesbury",N/A,N/A,N/A,N/A,Residential Land
"H&L PRICE STARTS FROM $497,500.00","90 Wollahra Rise (Wyndham Vale), Wyndham Vale",4,2,2,N/A,House
"New price $790,000 to $810,000","10 Masters Crescent, Mambourin",4,2,2,448,House
N/A,"12 Woonan Drive, Wyndham Vale",4,3,2,523,House
"$950,000","5 Student Court, Mambourin",4,2,2,621,House
"$720,000 - $740,000","69 Millbrook Drive, Wyndham Vale",4,2,2,436,House
N/A,"Address available on request, Mambourin",N/A,N/A,N/A,N/A,Residential Land
"$495,000 - $525,000","9 Vista Way, Wyndham Vale",3,1,1,559,House
"$378,000","Lot 7017, Plaistow Street, Wyndham Vale",N/A,N/A,N/A,N/A,Residential Land
"Premium Creek Facing: $399,000 - $439,000","25 Callaway Street, Mambourin",N/A,N/A,N/A,N/A,Residential Land
"Negotiable: $340,000 - $360,000","58 Margie Street, Wyndham Vale",N/A,N/A,N/A,N/A,Residential Land
"$779,981","2468 Gardenvale Avenue, Mambourin",4,2,2,N/A,House
"$491,125","154 Aviana Walk, Wyndham Vale",3,2,2,176.52,Townhouse
"$393,000","Lot 1710, Baxter St, Mambourin",N/A,N/A,N/A,N/A,Residential Land
"$175,000","15 Fritelli Circuit, Wyndham Vale",N/A,N/A,N/A,N/A,Residential Land
N/A,"Lot 4147, 5 Happiness Way, Wyndham Vale",N/A,N/A,N/A,N/A,Residential Land
"$610,000-Contact For Private Inspection","33 Plane Avenue, Mambourin",4,2,2,N/A,House
N/A,"6 Gallina Street, Wyndham Vale",N/A,N/A,N/A,N/A,Residential Land
"$630,000-$650,000","16 Kurung Drive, Wyndham Vale",5,2,2,400,House
"$580,000 to $620,000","21 Paringa Pass, Wyndham Vale",4,2,2,448,House
N/A,"32 St Arnaud Road, Eynesbury",N/A,N/A,N/A,N/A,Residential Land
"$499,000","7 Micropora Drive, Wyndham Vale",3,2,2,N/A,House
"$315,000","LOT 211, 955 Ballan Road, Wyndham Vale",N/A,N/A,N/A,N/A,Residential Land
"$289,000","LOT 712, 955 Ballan Road, Wyndham Vale",N/A,N/A,N/A,N/A,Residential Land
N/A,"Address available on request, Wyndham Vale",N/A,N/A,N/A,N/A,Residential Land
"$830,000-$850,000 - Display Home with 7% Return!","Address available on request, Mambourin",4,2,2,578,House
N/A,"Lot 4221, Greenmont Road, Wyndham Vale",N/A,N/A,N/A,N/A,Residential Land
"$430,000 - $460,000","41 Cloudburst Avenue, Wyndham Vale",N/A,N/A,N/A,N/A,Residential Land
"$480,000 - $520,000","97 Federal Drive, Wyndham Vale",3,2,1,250,House
N/A,"27 Cloudburst Avenue, Wyndham Vale",4,2,2,400,House
"$289,000","Address available on request, Wyndham Vale",N/A,N/A,N/A,N/A,Residential Land
"$400,000","Address available on request, Wyndham Vale",N/A,N/A,N/A,N/A,Residential Land
"$329,000 to $339,000","10 Baxter Street, Mambourin",N/A,N/A,N/A,N/A,Residential Land
"$417,500","Lot 1845 Palette Street, Mambourin",N/A,N/A,N/A,N/A,Residential Land
N/A,"1818/ 4 Reefton Street, Mambourin",4,2,2,350,House
"$400,000 to $440,000","28 Cortland Street, Wyndham Vale",N/A,N/A,N/A,N/A,Residential Land
"$929,000","19 Wangaratta Street, Eynesbury",4,2,4,700,House
"$356,000","2183 Winfred Drive, Mambourin",N/A,N/A,N/A,N/A,Residential Land
N/A,"12 Merula Drive, Mambourin",4,2,2,462,House
N/A,"2 Ervine Drive, Wyndham Vale",N/A,N/A,N/A,N/A,Residential Land
"$430,000-$450,000 - Titled Land !!","14 Tuppal Drive, Wyndham Vale",N/A,N/A,N/A,N/A,Residential Land
"$339,000","Lot 216, Bronwyn Way, Wyndham Vale",N/A,N/A,N/A,N/A,Residential Land
N/A,"399 Greenhill road, Eynesbury",4,2,2,555,House
"$608,000 - $620,000","10 Grima Crescent, Wyndham Vale",4,2,2,392,House
N/A,"Address available on request, Wyndham Vale",4,2,2,N/A,House
"$585,983","Lot Address available on request, Wyndham Vale",3,2,2,287,House
"$298,000","21 Riveting Road, Wyndham Vale",N/A,N/A,N/A,N/A,Residential Land
"$604,590","Lot 515 Parkbrook Estate, Wyndham Vale",4,2,2,294,House
"$365,000","Lot 617 Tathra Road, Wyndham Vale",N/A,N/A,N/A,N/A,Residential Land
"$640,000 - $660,000","71  Callaway Street, Mambourin",4,2,2,N/A,House
"$382,000","Lot 7022, Plaistow Road, Wyndham Vale",N/A,N/A,N/A,N/A,Residential Land
"$599,000","4 Namco Walk, Wyndham Vale",4,2,2,250,House
"$320,000-$340,000","6 Meredith Street Mambourin, Mambourin",N/A,N/A,N/A,N/A,Residential Land
N/A,"Lot 2154 Nadeen Road, Mambourin",N/A,N/A,N/A,N/A,Residential Land
"$587,230","Lot 1968, Lucknow Street, Mambourin",N/A,N/A,N/A,N/A,Residential Land
N/A,"3 Webb Street, Mambourin",4,2,2,457,House
"$300,000","Satori Street, Mambourin",N/A,N/A,N/A,N/A,Residential Land
"$549,080","Lot 2173 Drum Street, Mambourin",4,2,1,246,House
N/A,"Address available on request, Wyndham Vale",N/A,N/A,N/A,N/A,Residential Land
"$529,000 - $559,000","44 Cobram Drive, Eynesbury",N/A,N/A,N/A,N/A,Residential Land
"$274,000","Lot 2175, 9 Drum Street, Mambourin",N/A,N/A,N/A,N/A,Residential Land
"$489,900","19665 Irvington Road, Wyndham Vale",3,2,2,150,House
"$539,900","LOT on Epping Dr, Wyndham Vale",N/A,N/A,N/A,N/A,Residential Land
N/A,"Lot 319, 12 Sue Street, Wyndham Vale",N/A,N/A,N/A,N/A,Residential Land
N/A,"Lot 318, 14 Sue Street, Wyndham Vale",N/A,N/A,N/A,N/A,Residential Land
"$355,000 to $365,000","28 Camfield crescent,, Mambourin",N/A,N/A,N/A,N/A,Residential Land
"$549,900","43 Cavalier Street, Wyndham Vale",4,2,1,N/A,House
"$720,000 to $760,000","14 Amesbury Avenue, Wyndham Vale",4,2,2,626,House
N/A,"Lot 320 Masters Crescent, Mambourin",4,2,2,N/A,House
N/A,"5. Masters Crescent, Mambourin",4,2,2,N/A,House
"$489,900","19663 IRVINGTON ROAD, Wyndham Vale",3,2,2,150,House
"$470,000 - $480,000","12 Braeside Drive, Wyndham Vale",N/A,N/A,N/A,N/A,Residential Land
"NDIS H&L 760k,  Massive Returns!","Address available on request, Wyndham Vale",3,3,2,N/A,House
$529000 - $559000,"4 Elmore Avenue, Eynesbury",N/A,N/A,N/A,N/A,Residential Land
N/A,"17 Copal Street, Mambourin",N/A,N/A,N/A,N/A,Residential Land
"$368,000","Lot 7015, Plaistow Road, Wyndham Vale",N/A,N/A,N/A,N/A,Residential Land
N/A,"Address available on request, Wyndham Vale",N/A,2,2,262,House
N/A,"Address available on request, Mambourin",3,2,2,262,House
"$430,000","38 Camfield Crescent, Mambourin",N/A,N/A,N/A,N/A,Residential Land
"$320,000","9 Archer Road, Wyndham Vale",N/A,N/A,N/A,N/A,Residential Land
N/A,"10 Krohn Walk, Wyndham Vale",N/A,N/A,N/A,N/A,Residential Land
"$190,000-$210,000","4 Krohn Walk, Wyndham Vale",N/A,N/A,N/A,N/A,Residential Land
"$328,000","Lot 7009, Plaistow Road, Wyndham Vale",N/A,N/A,N/A,N/A,Residential Land
"$700,000 - $770,000","4  Masters Crescent, Mambourin",4,2,2,448,House
"$745,000 - $815,000","6 Masters Crescent, Mambourin",4,2,2,448,House
"$627,400","Lot 2103, 5 Cotswold Street, Mambourin",N/A,N/A,N/A,N/A,Residential Land
"$670,750","Lot 2143, 6 Drum Street, Mambourin",N/A,N/A,N/A,N/A,Residential Land
N/A,"8 CRATHES STREET,, Wyndham Vale",4,2,2,361,House
N/A,"3 Bessie Street, Mambourin",N/A,N/A,N/A,N/A,Residential Land
N/A,"Lot, 2165 Black Forest Road, Mambourin",N/A,N/A,N/A,N/A,Residential Land
N/A,"16 VIVERO ROAD, Wyndham Vale",N/A,N/A,N/A,N/A,Residential Land
"$290,000-$320,000","10 Atisha Street, Wyndham Vale",N/A,N/A,N/A,N/A,Residential Land
"$480,340","5232 Mosaic Lane, Wyndham Vale",3,2,2,N/A,House
N/A,"1 Nathalia Way, Eynesbury",N/A,N/A,N/A,N/A,Residential Land
"$320,000","9 Nathalia Way, Eynesbury",N/A,N/A,N/A,N/A,Residential Land
"$647,400","Lot 421 Wollahra Rise, Wyndham Vale",4,2,2,325,House
$329000-$335000,"Lot 1519, Savana Estate, Wyndham Vale",N/A,N/A,N/A,N/A,Residential Land
N/A,"5 Mandevilla Street, Mambourin",N/A,N/A,N/A,N/A,Residential Land
"$364,000","306 Sue Street, Wyndham Vale",N/A,N/A,N/A,N/A,Residential Land
"$338,000","Lot 5453, Cosmopolitan Drive, Wyndham Vale",N/A,N/A,N/A,N/A,Residential Land
"$318,000","Lot 5452, Cosmopolitan Drive, Wyndham Vale",N/A,N/A,N/A,N/A,Residential Land
"$228,000","Lot 5449, Trance Street, Wyndham Vale",N/A,N/A,N/A,N/A,Residential Land
"$338,000","Lot 5444, Cosmopolitan Drive, Wyndham Vale",N/A,N/A,N/A,N/A,Residential Land
"$298,000","Lot 5443, Superb Road, Wyndham Vale",N/A,N/A,N/A,N/A,Residential Land
"$318,000","Lot 5442, Superb Road, Wyndham Vale",N/A,N/A,N/A,N/A,Residential Land
"$318,000","Lot 5438, Superb Road, Wyndham Vale",N/A,N/A,N/A,N/A,Residential Land
"$318,000","Lot 5437, Superb Road, Wyndham Vale",N/A,N/A,N/A,N/A,Residential Land
"$360,000","Lot 330, 7 Arianna Street, Wyndham Vale",N/A,N/A,N/A,N/A,Residential Land
"$390,000","Lot 331, 9 Arianna Street, Wyndham Vale",N/A,N/A,N/A,N/A,Residential Land
"$629,000 - $659,000","20 Bridgewater Avenue, Eynesbury",4,2,2,622,House
N/A,"Address available on request, Eynesbury",N/A,N/A,N/A,N/A,Residential Land
"$450,000","Western Suburbs, Wyndham Vale",N/A,N/A,N/A,N/A,Residential Land
"$514,478","3608 Grangehill Mews, Wyndham Vale",4,2,2,N/A,Townhouse
"$506,820","3605 Grangehill Mews, Wyndham Vale",4,2,2,N/A,Townhouse
"$494,836","3603 Grangehill Mews, Wyndham Vale",3,2,2,N/A,House
N/A,"Address available on request, Wyndham Vale",N/A,N/A,N/A,N/A,Residential Land
"$620,000 - $660,000","23 Helder Drive, Mambourin",4,2,2,497,House
"$308,000","72 (Lot1727) Jarlath Drive, Mambourin",N/A,N/A,N/A,N/A,Residential Land
N/A,"Address available on request, Wyndham Vale",N/A,N/A,N/A,N/A,Residential Land
"$345,000","Lot 1727, 1727 Windermere black forest Road, Mambourin",N/A,N/A,N/A,N/A,Residential Land
"Nomination Sale : $275,000","Address available on request, Wyndham Vale",N/A,N/A,N/A,N/A,Residential Land
N/A,"20 Grappa Circuit, Wyndham Vale",N/A,N/A,N/A,N/A,Residential Land
"$827,100","7019 Plaistow Road, Wyndham Vale",4,2,2,N/A,House
N/A,"Lot 1201, 8 Terai Street, Wyndham Vale",N/A,N/A,N/A,N/A,Residential Land
"$565,714","3627 Selhurst Grove, Wyndham Vale",4,2,2,N/A,Townhouse
N/A,"5 Perceval Place, Mambourin",N/A,N/A,N/A,N/A,Residential Land
"$370,000-$400,000","46 Pankina Road, Mambourin",N/A,N/A,N/A,N/A,Residential Land
"$370,000-$410,000","99 (Lot202) Callaway Street, Mambourin",N/A,N/A,N/A,N/A,Residential Land
"$680,528","7008 Plaistow Road, Wyndham Vale",4,2,2,N/A,House
"$549,357","7006 Plaistow Road, Wyndham Vale",3,2,2,N/A,House
"$706,231","5436 Superb Road, Wyndham Vale",4,2,2,N/A,House
"$542,755","5401 Ziggy Road, Wyndham Vale",3,2,2,N/A,House
"$645,000- $675,000","8 Ellimatta Road, Mambourin",4,2,2,350,House
"$380,000 - $400,000","38 Maryborough Drive, Wyndham Vale",N/A,N/A,N/A,N/A,Residential Land
N/A,"94 Cambridge Crescent, Wyndham Vale",3,1,2,N/A,House
"$634,579","5515 Cosmopolitan Drive, Wyndham Vale",4,2,2,N/A,House
"$267,000","Lot 1982 Texel Road, Mambourin",N/A,N/A,N/A,N/A,Residential Land
N/A,"15 Eshal Crescent, Wyndham Vale",N/A,N/A,N/A,N/A,Residential Land
N/A,"Address available on request, Wyndham Vale",N/A,N/A,N/A,N/A,Residential Land
$390k - $399k,"Lot 1706 Shillings Road, Mambourin",N/A,N/A,N/A,N/A,Residential Land
"$599,900 - $644,900","Lot 1008, 21 Plane Avenue, Mambourin",N/A,N/A,N/A,N/A,Residential Land
"$440,000 to $460,000","4 Glover Street, Mambourin",N/A,N/A,N/A,N/A,Residential Land
N/A,"18 Vista Way, Wyndham Vale",N/A,N/A,N/A,N/A,Residential Land
"$583,900","2819 Doyers Lane, Wyndham Vale",3,2,2,N/A,House
"$299,000 - $309,000","776 Eynesbury Road, Eynesbury",N/A,N/A,N/A,N/A,Residential Land
N/A,"Address available on request, Wyndham Vale",N/A,N/A,N/A,N/A,Residential Land
N/A,"Lot 218, Tara Crescent, Wyndham Vale",N/A,N/A,N/A,N/A,Residential Land
N/A,"Lot 1847 Palette Street, Mambourin",N/A,N/A,N/A,N/A,Residential Land
"$717,755","215 Vogue Drive, Wyndham Vale",3,3,2,350,House
"$278,000","Lot 5431, Grappa Circuit, Wyndham Vale",N/A,N/A,N/A,N/A,Residential Land
"$613,982","Address available on request, Wyndham Vale",4,2,2,350,House
N/A,"173 Wollahra Rise, Wyndham Vale",N/A,N/A,N/A,N/A,Residential Land
N/A,"2 Perceval Place, Mambourin",N/A,N/A,N/A,N/A,Residential Land
"$1,160,000","325/8 Yang Road, Mambourin",4,2,N/A,507,House
"$986,500","324/6 Yang Road, Mambourin",4,2,2,512,House
"$400,000 - $440,000","53 Pankina Road, Mambourin",N/A,N/A,N/A,N/A,Residential Land
"$650,000","92 Pascolo Way, Wyndham Vale",4,2,2,448,House
N/A,"Address available on request, Wyndham Vale",N/A,N/A,N/A,N/A,Residential Land
From Mid 500K,"Address available on request, Mambourin",3,2,2,N/A,House
"Land for Sale $323,000","1707 Baxter street, Mambourin",4,2,N/A,336,House
"$596,600","5226 Creation Walk, Wyndham Vale",4,2,2,N/A,House
"$328,000","Lot 7005, Plaistow Road, Wyndham Vale",N/A,N/A,N/A,N/A,Residential Land
"$210,000","Lot , 320,321,324, Krohn Walk, Wyndham Vale",N/A,N/A,N/A,N/A,Residential Land
$298000-$318000,"Lot 1544, 20 Thrums Road, Mambourin",N/A,N/A,N/A,N/A,Residential Land
"$534,240","Address available on request, Wyndham Vale",3,2,2,N/A,House
"$454,740","Address available on request, Wyndham Vale",2,2,1,N/A,House
"$539,240","Address available on request, Wyndham Vale",4,2,2,N/A,House
"$454,740","Address available on request, Wyndham Vale",2,2,1,N/A,House
"$315,000 to $325,000","Address available on request, Wyndham Vale",1,1,N/A,395,House
"$318,000","Lot 5465, Grappa Circuit, Wyndham Vale",N/A,N/A,N/A,N/A,Residential Land
N/A,"2 Shillings Road, Mambourin",N/A,N/A,N/A,N/A,Residential Land
"$400,000 - 420,000","24 Surround Drive, Mambourin",N/A,N/A,N/A,N/A,Residential Land
"$368,000","Lot 7020, Plaistow Road, Wyndham Vale",N/A,N/A,N/A,N/A,Residential Land
"$378,000","Lot 7017, Plaistow Road, Wyndham Vale",N/A,N/A,N/A,N/A,Residential Land
"$368,000","Lot 7016, Plaistow Road, Wyndham Vale",N/A,N/A,N/A,N/A,Residential Land
"$378,000","Lot 7007, Plaistow Road, Wyndham Vale",N/A,N/A,N/A,N/A,Residential Land
"$298,000","Lot 5402, Ziggy Road, Wyndham Vale",N/A,N/A,N/A,N/A,Residential Land
"$400,000 - $440,000","49 CALLAWAY STREET, Mambourin",N/A,N/A,N/A,N/A,Residential Land
N/A,"1365 Ballan Road, Quandong",N/A,N/A,N/A,N/A,Residential Land
"$505,000 - $515,000","94 Black Forest Road, Wyndham Vale",3,2,2,560,House
"$801,700","1289 Orthello Way, Mambourin",5,3,2,"2,229.67",Townhouse
"$736,700","1284 Orthello Way, Mambourin",5,3,2,"2,229.67",Townhouse
"$737,100","1277 Orthello Way, Mambourin",5,3,2,"2,238.96",Townhouse
"$583,600","1288 Orthello Way, Mambourin",3,2,2,"1,904.51",Townhouse
"$583,600","1287 Orthello Way, Mambourin",3,2,2,N/A,Townhouse
"$583,600","1286 Orthello Way, Mambourin",3,2,2,"1,904.51",Townhouse
"$583,600","1285 Orthello Way, Mambourin",3,2,2,"1,904.51",Townhouse
"$572,900","1282 Orthello Way, Mambourin",3,2,2,"1,867.35",Townhouse
"$572,900","1281 Orthello Way, Mambourin",3,2,2,"1,867.35",Townhouse
"$572,900","1279 Orthello Way, Mambourin",3,2,2,"1,867.35",Townhouse
"$572,900","1278 Orthello Way, Mambourin",3,2,2,"1,867.35",Townhouse
"$688,100","1283 Orthello Way, Mambourin",5,3,2,"2,127.48",Townhouse
N/A,"580 Mcgrath Road, Wyndham Vale",N/A,N/A,N/A,N/A,Residential Land
N/A,"570 Mcgrath Road, Wyndham Vale",N/A,N/A,N/A,N/A,Residential Land
"$850,000 - $900,000","15 Spaniel Avenue, Wyndham Vale",4,4,6,510,House
N/A,"1915 satori street, Mambourin",4,2,2,480,House
N/A,"2107 Cotsworld Street,, Mambourin",4,2,2,392,House
N/A,"5 Masters Crescent, Mambourin",4,2,2,N/A,House
"$358,000","Lot 5515, Cosmopolitan Drive, Wyndham Vale",N/A,N/A,N/A,N/A,Residential Land
N/A,"Address available on request, Mambourin",N/A,N/A,N/A,N/A,Residential Land
N/A,"3 Masters Crescent, Mambourin",4,2,2,512,House
"$540,300","Address available on request, Wyndham Vale",N/A,N/A,N/A,N/A,Residential Land
N/A,"Lot 129 Micropora  Drive, Wyndham Vale",N/A,N/A,N/A,N/A,Residential Land
N/A,"Lot 122 Micropora Drive, Wyndham Vale",N/A,N/A,N/A,N/A,Residential Land
N/A,"600 Mcgrath Road, Wyndham Vale",N/A,N/A,N/A,N/A,Residential Land
"$635,000","1106 Heidelberg Street, Mambourin",N/A,N/A,N/A,N/A,Residential Land
"$718,000","1620 Contact Agent, Mambourin",4,3,2,N/A,House
"$728,000","1732 Contact Agent, Mambourin",4,3,N/A,N/A,House
"$780,000","1905 Contact Agent, Mambourin",4,3,1,N/A,House
N/A,"Lot 103, 128 Wollahra Rise, Wyndham Vale",N/A,N/A,N/A,N/A,Residential Land
N/A,"Lot 2816 Clapham Crescent, Wyndham Vale",4,2,2,168,House
"$580,000","Address available on request, Wyndham Vale",N/A,N/A,N/A,N/A,Residential Land
"560,000 to 590,000","32 Storkbill Road, Wyndham Vale",3,2,4,387,House
N/A,"Address available on request, Wyndham Vale",4,3,2,225,House
N/A,"539 Contact Agent, Mambourin",4,2,4,N/A,House
N/A,"Address available on request, Mambourin",4,2,4,N/A,House
N/A,"Address available on request, Wyndham Vale",4,2,2,336,House
